id,text,type,topic,target_valence,length_char,notes
A277,온라인 수업이(가) 개선됐지만 일부 불편이 남아 있다.,amb,교육,-0.09,30,모호 문장
N056,클라우드 서비스에서 오류가 발생해 서비스가 중단됐다.,neg,기술,-0.82,29,부정 문장
A178,신형 장비이(가) 관심을 끌었지만 논란도 함께 제기됐다.,amb,과학,0.03,31,모호 문장
P008,지역 축제이(가) 개선되어 주민들의 만족도가 높아졌다.,pos,생활,0.87,30,긍정 문장
N058,운동 프로그램이(가) 악화되며 우려의 목소리가 커지고 있다.,neg,건강,-0.85,33,부정 문장
P038,실험 계획이(가) 새롭게 개편되어 이용이 편리해졌다.,pos,과학,0.75,29,긍정 문장
A274,주차장이(가) 개선됐지만 일부 불편이 남아 있다.,amb,생활,-0.14,27,모호 문장
P032,교수 평가 제도이(가) 도입되어 업무 효율이 높아졌다.,pos,교육,0.91,30,긍정 문장
A120,공공시설이(가) 순조롭게 진행되다가 예기치 못한 변수가 생겼다.,amb,생활,0.11,35,모호 문장
A069,소비 지원 정책이(가) 개선됐지만 일부 불편이 남아 있다.,amb,경제,0.12,32,모호 문장
A040,체험 행사이(가) 기대를 모았으나 반응은 엇갈리고 있다.,amb,여가,-0.09,31,모호 문장
N083,창업 지원 제도이(가) 취소되어 아쉬움을 남겼다.,neg,경제,-0.95,27,부정 문장
N066,데이터 분석 시스템이(가) 논란에 휩싸였다.,neg,과학,-0.89,24,부정 문장
N025,교육 커리큘럼에서 오류가 발생해 서비스가 중단됐다.,neg,교육,-0.99,28,부정 문장
N019,문화 공연에서 오류가 발생해 서비스가 중단됐다.,neg,여가,-0.88,26,부정 문장
A088,온라인 수업이(가) 호평과 비판을 동시에 받고 있다.,amb,교육,-0.13,29,모호 문장
A293,창업 지원 제도이(가) 활성화됐지만 운영 방식에는 의문이 남는다.,amb,경제,0.08,36,모호 문장
N008,공공시설이(가) 감소세를 보이고 있다.,neg,생활,-0.74,21,부정 문장
N047,체험 행사이(가) 취소되어 아쉬움을 남겼다.,neg,여가,-0.79,24,부정 문장
P116,교양 강좌이(가) 꾸준히 증가하고 있다.,pos,교육,0.83,22,긍정 문장
A285,체험 행사이(가) 일부 개선됐으나 문제 해결은 미비하다.,amb,여가,-0.05,31,모호 문장
A206,실험 계획이(가) 관심을 끌었지만 논란도 함께 제기됐다.,amb,과학,-0.14,31,모호 문장
A026,문화 공연이(가) 관심을 끌었지만 논란도 함께 제기됐다.,amb,여가,0.15,31,모호 문장
A226,병원 예약 시스템이(가) 일부 개선됐으나 문제 해결은 미비하다.,amb,건강,-0.15,35,모호 문장
A153,소비 지원 정책이(가) 순조롭게 진행되다가 예기치 못한 변수가 생겼다.,amb,경제,-0.14,39,모호 문장
P078,공공시설이(가) 정상화되어 서비스가 안정됐다.,pos,생활,0.84,25,긍정 문장
N073,신형 장비이(가) 파손돼 이용이 제한됐다.,neg,과학,-0.76,23,부정 문장
A036,주차장이(가) 확장됐으나 비용 증가가 우려된다.,amb,생활,-0.11,26,모호 문장
N104,소비 지원 정책이(가) 부진을 면치 못하고 있다.,neg,경제,-0.71,27,부정 문장
P117,문화 공연이(가) 정상화되어 서비스가 안정됐다.,pos,여가,0.83,26,긍정 문장
A112,신형 스마트폰이(가) 활성화됐지만 운영 방식에는 의문이 남는다.,amb,기술,0.05,35,모호 문장
A263,온라인 수업이(가) 일부 개선됐으나 문제 해결은 미비하다.,amb,교육,-0.13,32,모호 문장
A078,쓰레기 처리 시스템이(가) 개편됐지만 사용자 평가는 나뉘고 있다.,amb,생활,-0.12,36,모호 문장
P142,운동 프로그램이(가) 안정세를 보이고 있다.,pos,건강,0.74,24,긍정 문장
N108,데이터 분석 시스템에서 오류가 발생해 서비스가 중단됐다.,neg,과학,-0.81,31,부정 문장
A064,대중교통이(가) 활성화됐지만 운영 방식에는 의문이 남는다.,amb,생활,-0.03,32,모호 문장
P009,병원 예약 시스템이(가) 개선되어 주민들의 만족도가 높아졌다.,pos,건강,0.99,34,긍정 문장
A265,가격 안정 대책이(가) 개편됐지만 사용자 평가는 나뉘고 있다.,amb,경제,-0.08,34,모호 문장
N001,쓰레기 처리 시스템이(가) 취소되어 아쉬움을 남겼다.,neg,생활,-0.8,29,부정 문장
P124,전시 프로그램이(가) 정상화되어 서비스가 안정됐다.,pos,여가,0.81,28,긍정 문장
A021,클라우드 서비스이(가) 호평과 비판을 동시에 받고 있다.,amb,기술,-0.02,31,모호 문장
N148,공공시설이(가) 불안정해 사용자들이 혼란을 겪고 있다.,neg,생활,-0.9,30,부정 문장
P129,연구 프로젝트이(가) 새롭게 개편되어 이용이 편리해졌다.,pos,과학,1.0,31,긍정 문장
A227,데이터 분석 시스템이(가) 일부 개선됐으나 문제 해결은 미비하다.,amb,과학,-0.05,36,모호 문장
A050,쓰레기 처리 시스템이(가) 호평과 비판을 동시에 받고 있다.,amb,생활,0.13,33,모호 문장
A286,소비 지원 정책이(가) 관심을 끌었지만 논란도 함께 제기됐다.,amb,경제,0.09,34,모호 문장
N037,병원 예약 시스템이(가) 논란에 휩싸였다.,neg,건강,-0.76,23,부정 문장
A129,연구 프로젝트이(가) 개선됐지만 일부 불편이 남아 있다.,amb,과학,0.03,31,모호 문장
N063,보안 시스템이(가) 파손돼 이용이 제한됐다.,neg,기술,-1.0,24,부정 문장
A287,클라우드 서비스이(가) 호평과 비판을 동시에 받고 있다.,amb,기술,-0.05,31,모호 문장
A083,고용 지표이(가) 기대를 모았으나 반응은 엇갈리고 있다.,amb,경제,-0.13,31,모호 문장
A196,신형 스마트폰이(가) 일부 개선됐으나 문제 해결은 미비하다.,amb,기술,-0.09,33,모호 문장
N130,교수 평가 제도이(가) 지연되면서 시민 불편이 커지고 있다.,neg,교육,-0.94,33,부정 문장
N081,장학 제도이(가) 논란에 휩싸였다.,neg,교육,-0.88,19,부정 문장
A279,가격 안정 대책이(가) 확장됐으나 비용 증가가 우려된다.,amb,경제,-0.01,31,모호 문장
A215,체험 행사이(가) 기대를 모았으나 반응은 엇갈리고 있다.,amb,여가,0.12,31,모호 문장
P136,신형 장비이(가) 꾸준히 증가하고 있다.,pos,과학,0.97,22,긍정 문장
N145,야외 영화제이(가) 감소세를 보이고 있다.,neg,여가,-0.99,23,부정 문장
A039,교수 평가 제도이(가) 확장됐으나 비용 증가가 우려된다.,amb,교육,-0.09,31,모호 문장
P101,기술 지원 프로그램을(를) 통해 지역 경제가 활기를 되찾고 있다.,pos,과학,0.71,36,긍정 문장
N096,야외 영화제이(가) 취소되어 아쉬움을 남겼다.,neg,여가,-0.92,25,부정 문장
P026,체험 행사이(가) 큰 성과를 거두었다.,pos,여가,0.91,21,긍정 문장
N035,보안 시스템이(가) 부진을 면치 못하고 있다.,neg,기술,-0.73,25,부정 문장
A208,관광 패스이(가) 도입됐지만 효과는 아직 불분명하다.,amb,여가,-0.01,29,모호 문장
A055,소비 지원 정책이(가) 개편됐지만 사용자 평가는 나뉘고 있다.,amb,경제,-0.12,34,모호 문장
A066,신형 장비이(가) 개선됐지만 일부 불편이 남아 있다.,amb,과학,-0.03,29,모호 문장
A180,야외 영화제이(가) 도입됐지만 효과는 아직 불분명하다.,amb,여가,0.09,30,모호 문장
A195,가격 안정 대책이(가) 관심을 끌었지만 논란도 함께 제기됐다.,amb,경제,0.04,34,모호 문장
A167,지역 상권이(가) 확장됐으나 비용 증가가 우려된다.,amb,경제,0.12,28,모호 문장
P128,식단 관리 정책이(가) 도입되어 업무 효율이 높아졌다.,pos,건강,0.85,30,긍정 문장
A284,교수 평가 제도이(가) 개편됐지만 사용자 평가는 나뉘고 있다.,amb,교육,-0.05,34,모호 문장
A169,주차장이(가) 활성화됐지만 운영 방식에는 의문이 남는다.,amb,생활,0.07,31,모호 문장
N071,주차장에서 오류가 발생해 서비스가 중단됐다.,neg,생활,-0.93,24,부정 문장
A073,신형 장비이(가) 개편됐지만 사용자 평가는 나뉘고 있다.,amb,과학,-0.03,31,모호 문장
A016,병원 예약 시스템이(가) 순조롭게 진행되다가 예기치 못한 변수가 생겼다.,amb,건강,-0.08,40,모호 문장
N030,건강검진 제도이(가) 취소되어 아쉬움을 남겼다.,neg,건강,-0.99,26,부정 문장
A005,전시 프로그램이(가) 관심을 끌었지만 논란도 함께 제기됐다.,amb,여가,-0.11,33,모호 문장
N122,데이터 분석 시스템이(가) 감소세를 보이고 있다.,neg,과학,-0.94,27,부정 문장
A151,장학 제도이(가) 호평과 비판을 동시에 받고 있다.,amb,교육,-0.03,28,모호 문장
A239,대중교통이(가) 관심을 끌었지만 논란도 함께 제기됐다.,amb,생활,0.04,30,모호 문장
A081,교양 강좌이(가) 개선됐지만 일부 불편이 남아 있다.,amb,교육,0.04,29,모호 문장
A201,체험 행사이(가) 기대를 모았으나 반응은 엇갈리고 있다.,amb,여가,-0.1,31,모호 문장
P084,업데이트 정책이(가) 큰 성과를 거두었다.,pos,기술,0.73,23,긍정 문장
N128,건강검진 제도이(가) 중단되어 일정에 차질이 생겼다.,neg,건강,-0.87,29,부정 문장
A264,전시 프로그램이(가) 기대를 모았으나 반응은 엇갈리고 있다.,amb,여가,0.02,33,모호 문장
P070,네트워크 환경을(를) 통해 지역 경제가 활기를 되찾고 있다.,pos,기술,0.93,33,긍정 문장
A233,병원 예약 시스템이(가) 개편됐지만 사용자 평가는 나뉘고 있다.,amb,건강,0.04,35,모호 문장
A093,운동 프로그램이(가) 활성화됐지만 운영 방식에는 의문이 남는다.,amb,건강,0.0,35,모호 문장
A149,식단 관리 정책이(가) 개선됐지만 일부 불편이 남아 있다.,amb,건강,0.11,32,모호 문장
A122,연구 프로젝트이(가) 개선됐지만 일부 불편이 남아 있다.,amb,과학,0.04,31,모호 문장
A137,교수 평가 제도이(가) 순조롭게 진행되다가 예기치 못한 변수가 생겼다.,amb,교육,-0.08,39,모호 문장
A111,가격 안정 대책이(가) 개선됐지만 일부 불편이 남아 있다.,amb,경제,-0.11,32,모호 문장
P065,식단 관리 정책이(가) 큰 성과를 거두었다.,pos,건강,0.74,24,긍정 문장
A190,지역 축제이(가) 활성화됐지만 운영 방식에는 의문이 남는다.,amb,생활,0.04,33,모호 문장
A232,쓰레기 처리 시스템이(가) 개선됐지만 일부 불편이 남아 있다.,amb,생활,-0.15,34,모호 문장
A121,운동 프로그램이(가) 개편됐지만 사용자 평가는 나뉘고 있다.,amb,건강,0.09,33,모호 문장
P140,보안 시스템이(가) 활성화되며 참여율이 높아졌다.,pos,기술,0.7,27,긍정 문장
A084,네트워크 환경이(가) 개편됐지만 사용자 평가는 나뉘고 있다.,amb,기술,0.05,33,모호 문장
N120,쓰레기 처리 시스템이(가) 파손돼 이용이 제한됐다.,neg,생활,-0.93,28,부정 문장
A272,가격 안정 대책이(가) 관심을 끌었지만 논란도 함께 제기됐다.,amb,경제,-0.04,34,모호 문장
A032,장학 제도이(가) 일부 개선됐으나 문제 해결은 미비하다.,amb,교육,0.11,31,모호 문장
P119,신형 스마트폰이(가) 큰 성과를 거두었다.,pos,기술,0.74,23,긍정 문장
A171,연구 프로젝트이(가) 확장됐으나 비용 증가가 우려된다.,amb,과학,-0.01,30,모호 문장
P126,네트워크 환경이(가) 활성화되며 참여율이 높아졌다.,pos,기술,0.83,28,긍정 문장
P057,공공시설이(가) 정상화되어 서비스가 안정됐다.,pos,생활,0.88,25,긍정 문장
P118,소비 지원 정책이(가) 도입되어 업무 효율이 높아졌다.,pos,경제,0.94,30,긍정 문장
A257,야외 영화제이(가) 호평과 비판을 동시에 받고 있다.,amb,여가,-0.09,29,모호 문장
A060,온라인 수업이(가) 도입됐지만 효과는 아직 불분명하다.,amb,교육,-0.11,30,모호 문장
A259,신형 스마트폰이(가) 개편됐지만 사용자 평가는 나뉘고 있다.,amb,기술,0.09,33,모호 문장
N060,교양 강좌이(가) 중단되어 일정에 차질이 생겼다.,neg,교육,-0.8,27,부정 문장
A217,신형 스마트폰이(가) 도입됐지만 효과는 아직 불분명하다.,amb,기술,0.1,31,모호 문장
N123,장학 제도이(가) 부진을 면치 못하고 있다.,neg,교육,-0.98,24,부정 문장
P108,연구 프로젝트이(가) 새롭게 개편되어 이용이 편리해졌다.,pos,과학,0.85,31,긍정 문장
N135,식단 관리 정책이(가) 중단되어 일정에 차질이 생겼다.,neg,건강,-0.99,30,부정 문장
P034,가격 안정 대책이(가) 확대되면서 시민들의 호응이 이어지고 있다.,pos,경제,0.88,36,긍정 문장
N126,클라우드 서비스이(가) 논란에 휩싸였다.,neg,기술,-0.97,22,부정 문장
P095,온라인 수업이(가) 도입되어 업무 효율이 높아졌다.,pos,교육,0.85,28,긍정 문장
P090,가격 안정 대책이(가) 확대되면서 시민들의 호응이 이어지고 있다.,pos,경제,0.86,36,긍정 문장
P013,소비 지원 정책이(가) 새롭게 개편되어 이용이 편리해졌다.,pos,경제,0.87,32,긍정 문장
N026,관광 패스이(가) 감소세를 보이고 있다.,neg,여가,-0.78,22,부정 문장
N017,신형 장비이(가) 악화되며 우려의 목소리가 커지고 있다.,neg,과학,-0.85,31,부정 문장
N109,교육 커리큘럼이(가) 감소세를 보이고 있다.,neg,교육,-0.79,24,부정 문장
N144,교수 평가 제도이(가) 지연되면서 시민 불편이 커지고 있다.,neg,교육,-0.81,33,부정 문장
A058,건강검진 제도이(가) 일부 개선됐으나 문제 해결은 미비하다.,amb,건강,-0.1,33,모호 문장
N105,보안 시스템이(가) 중단되어 일정에 차질이 생겼다.,neg,기술,-0.97,28,부정 문장
A131,관광 패스이(가) 활성화됐지만 운영 방식에는 의문이 남는다.,amb,여가,0.04,33,모호 문장
A278,전시 프로그램이(가) 순조롭게 진행되다가 예기치 못한 변수가 생겼다.,amb,여가,-0.05,38,모호 문장
A290,기술 지원 프로그램이(가) 개편됐지만 사용자 평가는 나뉘고 있다.,amb,과학,0.01,36,모호 문장
P058,건강검진 제도이(가) 도입되어 업무 효율이 높아졌다.,pos,건강,0.99,29,긍정 문장
A013,창업 지원 제도이(가) 기대를 모았으나 반응은 엇갈리고 있다.,amb,경제,0.15,34,모호 문장
P143,기술 지원 프로그램이(가) 정상화되어 서비스가 안정됐다.,pos,과학,0.98,31,긍정 문장
P006,지역 상권을(를) 통해 지역 경제가 활기를 되찾고 있다.,pos,경제,0.83,31,긍정 문장
A034,지역 상권이(가) 기대를 모았으나 반응은 엇갈리고 있다.,amb,경제,0.04,31,모호 문장
A240,건강검진 제도이(가) 순조롭게 진행되다가 예기치 못한 변수가 생겼다.,amb,건강,-0.04,38,모호 문장
A160,지역 상권이(가) 개편됐지만 사용자 평가는 나뉘고 있다.,amb,경제,-0.12,31,모호 문장
A108,기술 지원 프로그램이(가) 확장됐으나 비용 증가가 우려된다.,amb,과학,0.07,33,모호 문장
A062,고용 지표이(가) 개편됐지만 사용자 평가는 나뉘고 있다.,amb,경제,-0.12,31,모호 문장
P028,업데이트 정책이(가) 새롭게 개편되어 이용이 편리해졌다.,pos,기술,0.95,31,긍정 문장
A183,지역 축제이(가) 기대를 모았으나 반응은 엇갈리고 있다.,amb,생활,0.04,31,모호 문장
A094,데이터 분석 시스템이(가) 확장됐으나 비용 증가가 우려된다.,amb,과학,-0.14,33,모호 문장
P098,클라우드 서비스이(가) 활성화되며 참여율이 높아졌다.,pos,기술,0.9,29,긍정 문장
P083,소비 지원 정책이(가) 활성화되며 참여율이 높아졌다.,pos,경제,0.97,29,긍정 문장
A218,쓰레기 처리 시스템이(가) 관심을 끌었지만 논란도 함께 제기됐다.,amb,생활,-0.14,36,모호 문장
N029,공공시설이(가) 불안정해 사용자들이 혼란을 겪고 있다.,neg,생활,-0.76,30,부정 문장
N091,업데이트 정책이(가) 감소세를 보이고 있다.,neg,기술,-0.88,24,부정 문장
N149,운동 프로그램이(가) 파손돼 이용이 제한됐다.,neg,건강,-0.71,25,부정 문장
A231,보안 시스템이(가) 도입됐지만 효과는 아직 불분명하다.,amb,기술,-0.07,30,모호 문장
P115,신형 장비이(가) 활성화되며 참여율이 높아졌다.,pos,과학,0.74,26,긍정 문장
A219,병원 예약 시스템이(가) 일부 개선됐으나 문제 해결은 미비하다.,amb,건강,0.05,35,모호 문장
P092,공공시설을(를) 통해 지역 경제가 활기를 되찾고 있다.,pos,생활,0.92,30,긍정 문장
P002,보건소 서비스이(가) 새롭게 개편되어 이용이 편리해졌다.,pos,건강,0.95,31,긍정 문장
A186,교양 강좌이(가) 확장됐으나 비용 증가가 우려된다.,amb,교육,-0.09,28,모호 문장
P096,관광 패스이(가) 큰 성과를 거두었다.,pos,여가,0.78,21,긍정 문장
N078,대중교통이(가) 논란에 휩싸였다.,neg,생활,-0.85,18,부정 문장
A267,공공시설이(가) 관심을 끌었지만 논란도 함께 제기됐다.,amb,생활,-0.01,30,모호 문장
A008,주차장이(가) 확장됐으나 비용 증가가 우려된다.,amb,생활,-0.01,26,모호 문장
P145,야외 영화제이(가) 도입되어 업무 효율이 높아졌다.,pos,여가,0.89,28,긍정 문장
N059,실험 계획이(가) 감소세를 보이고 있다.,neg,과학,-0.99,22,부정 문장
A299,문화 공연이(가) 개선됐지만 일부 불편이 남아 있다.,amb,여가,-0.04,29,모호 문장
A289,보건소 서비스이(가) 개선됐지만 일부 불편이 남아 있다.,amb,건강,-0.03,31,모호 문장
P035,업데이트 정책이(가) 개선되어 주민들의 만족도가 높아졌다.,pos,기술,0.77,32,긍정 문장
N094,기술 지원 프로그램이(가) 파손돼 이용이 제한됐다.,neg,과학,-0.96,28,부정 문장
N023,식단 관리 정책이(가) 감소세를 보이고 있다.,neg,건강,-0.77,25,부정 문장
P004,교육 커리큘럼이(가) 정상화되어 서비스가 안정됐다.,pos,교육,0.71,28,긍정 문장
P024,실험 계획이(가) 꾸준히 증가하고 있다.,pos,과학,0.71,22,긍정 문장
N039,온라인 수업이(가) 악화되며 우려의 목소리가 커지고 있다.,neg,교육,-0.78,32,부정 문장
N072,운동 프로그램이(가) 감소세를 보이고 있다.,neg,건강,-0.85,24,부정 문장
A261,식단 관리 정책이(가) 기대를 모았으나 반응은 엇갈리고 있다.,amb,건강,0.05,34,모호 문장
A056,네트워크 환경이(가) 확장됐으나 비용 증가가 우려된다.,amb,기술,0.07,30,모호 문장
A037,건강검진 제도이(가) 도입됐지만 효과는 아직 불분명하다.,amb,건강,-0.14,31,모호 문장
A048,창업 지원 제도이(가) 개편됐지만 사용자 평가는 나뉘고 있다.,amb,경제,-0.14,34,모호 문장
N077,업데이트 정책이(가) 중단되어 일정에 차질이 생겼다.,neg,기술,-0.82,29,부정 문장
N055,소비 지원 정책이(가) 부진을 면치 못하고 있다.,neg,경제,-0.92,27,부정 문장
A082,문화 공연이(가) 확장됐으나 비용 증가가 우려된다.,amb,여가,0.08,28,모호 문장
P017,실험 계획이(가) 큰 성과를 거두었다.,pos,과학,0.84,21,긍정 문장
A022,대중교통이(가) 호평과 비판을 동시에 받고 있다.,amb,생활,-0.08,27,모호 문장
A241,실험 계획이(가) 관심을 끌었지만 논란도 함께 제기됐다.,amb,과학,0.15,31,모호 문장
P079,운동 프로그램이(가) 정상화되어 서비스가 안정됐다.,pos,건강,0.84,28,긍정 문장
P150,신형 장비을(를) 통해 지역 경제가 활기를 되찾고 있다.,pos,과학,0.84,31,긍정 문장
N142,병원 예약 시스템이(가) 악화되며 우려의 목소리가 커지고 있다.,neg,건강,-0.89,35,부정 문장
N011,온라인 수업이(가) 논란에 휩싸였다.,neg,교육,-0.87,20,부정 문장
N107,건강검진 제도이(가) 불안정해 사용자들이 혼란을 겪고 있다.,neg,건강,-0.72,33,부정 문장
N007,클라우드 서비스이(가) 감소세를 보이고 있다.,neg,기술,-0.95,25,부정 문장
A090,소비 지원 정책이(가) 확장됐으나 비용 증가가 우려된다.,amb,경제,0.12,31,모호 문장
P053,온라인 수업이(가) 활성화되며 참여율이 높아졌다.,pos,교육,0.75,27,긍정 문장
A057,대중교통이(가) 순조롭게 진행되다가 예기치 못한 변수가 생겼다.,amb,생활,-0.05,35,모호 문장
N062,창업 지원 제도이(가) 파손돼 이용이 제한됐다.,neg,경제,-0.89,26,부정 문장
N119,업데이트 정책이(가) 취소되어 아쉬움을 남겼다.,neg,기술,-0.92,26,부정 문장
N132,지역 상권에서 오류가 발생해 서비스가 중단됐다.,neg,경제,-0.88,26,부정 문장
A271,전시 프로그램이(가) 활성화됐지만 운영 방식에는 의문이 남는다.,amb,여가,-0.0,35,모호 문장
A105,신형 스마트폰이(가) 활성화됐지만 운영 방식에는 의문이 남는다.,amb,기술,0.07,35,모호 문장
A294,보안 시스템이(가) 일부 개선됐으나 문제 해결은 미비하다.,amb,기술,0.12,32,모호 문장
N004,온라인 수업이(가) 악화되며 우려의 목소리가 커지고 있다.,neg,교육,-0.9,32,부정 문장
P051,병원 예약 시스템이(가) 새롭게 개편되어 이용이 편리해졌다.,pos,건강,0.84,33,긍정 문장
A140,클라우드 서비스이(가) 개선됐지만 일부 불편이 남아 있다.,amb,기술,-0.07,32,모호 문장
N033,문화 공연이(가) 부진을 면치 못하고 있다.,neg,여가,-0.8,24,부정 문장
A170,병원 예약 시스템이(가) 개선됐지만 일부 불편이 남아 있다.,amb,건강,-0.02,33,모호 문장
N112,클라우드 서비스이(가) 악화되며 우려의 목소리가 커지고 있다.,neg,기술,-0.76,34,부정 문장
N051,보건소 서비스이(가) 중단되어 일정에 차질이 생겼다.,neg,건강,-0.99,29,부정 문장
N121,보건소 서비스이(가) 파손돼 이용이 제한됐다.,neg,건강,-0.78,25,부정 문장
A200,온라인 수업이(가) 확장됐으나 비용 증가가 우려된다.,amb,교육,0.14,29,모호 문장
P147,네트워크 환경이(가) 확대되면서 시민들의 호응이 이어지고 있다.,pos,기술,0.78,35,긍정 문장
P071,주차장이(가) 정상화되어 서비스가 안정됐다.,pos,생활,0.88,24,긍정 문장
A045,데이터 분석 시스템이(가) 개편됐지만 사용자 평가는 나뉘고 있다.,amb,과학,0.15,36,모호 문장
A086,식단 관리 정책이(가) 기대를 모았으나 반응은 엇갈리고 있다.,amb,건강,-0.09,34,모호 문장
A089,체험 행사이(가) 활성화됐지만 운영 방식에는 의문이 남는다.,amb,여가,0.08,33,모호 문장
P112,클라우드 서비스이(가) 활성화되며 참여율이 높아졌다.,pos,기술,0.85,29,긍정 문장
A141,지역 축제이(가) 개편됐지만 사용자 평가는 나뉘고 있다.,amb,생활,0.06,31,모호 문장
A119,신형 스마트폰이(가) 순조롭게 진행되다가 예기치 못한 변수가 생겼다.,amb,기술,-0.01,38,모호 문장
A015,공공시설이(가) 개편됐지만 사용자 평가는 나뉘고 있다.,amb,생활,-0.0,30,모호 문장
A197,주차장이(가) 활성화됐지만 운영 방식에는 의문이 남는다.,amb,생활,-0.1,31,모호 문장
A152,관광 패스이(가) 기대를 모았으나 반응은 엇갈리고 있다.,amb,여가,0.02,31,모호 문장
A237,창업 지원 제도이(가) 관심을 끌었지만 논란도 함께 제기됐다.,amb,경제,-0.09,34,모호 문장
N070,클라우드 서비스이(가) 취소되어 아쉬움을 남겼다.,neg,기술,-0.98,27,부정 문장
A296,식단 관리 정책이(가) 기대를 모았으나 반응은 엇갈리고 있다.,amb,건강,-0.09,34,모호 문장
A228,교수 평가 제도이(가) 호평과 비판을 동시에 받고 있다.,amb,교육,0.15,31,모호 문장
P088,교수 평가 제도이(가) 확대되면서 시민들의 호응이 이어지고 있다.,pos,교육,0.88,36,긍정 문장
P130,온라인 수업이(가) 새롭게 개편되어 이용이 편리해졌다.,pos,교육,0.73,30,긍정 문장
A110,관광 패스이(가) 개편됐지만 사용자 평가는 나뉘고 있다.,amb,여가,-0.02,31,모호 문장
A222,문화 공연이(가) 개선됐지만 일부 불편이 남아 있다.,amb,여가,-0.07,29,모호 문장
A181,소비 지원 정책이(가) 관심을 끌었지만 논란도 함께 제기됐다.,amb,경제,-0.1,34,모호 문장
A173,문화 공연이(가) 활성화됐지만 운영 방식에는 의문이 남는다.,amb,여가,0.1,33,모호 문장
P037,병원 예약 시스템이(가) 꾸준히 증가하고 있다.,pos,건강,0.98,26,긍정 문장
A179,교육 커리큘럼이(가) 도입됐지만 효과는 아직 불분명하다.,amb,교육,0.02,31,모호 문장
A175,신형 스마트폰이(가) 도입됐지만 효과는 아직 불분명하다.,amb,기술,0.08,31,모호 문장
N093,운동 프로그램이(가) 지연되면서 시민 불편이 커지고 있다.,neg,건강,-0.85,32,부정 문장
A248,데이터 분석 시스템이(가) 확장됐으나 비용 증가가 우려된다.,amb,과학,-0.01,33,모호 문장
A192,신형 장비이(가) 관심을 끌었지만 논란도 함께 제기됐다.,amb,과학,0.05,31,모호 문장
P107,보건소 서비스이(가) 정상화되어 서비스가 안정됐다.,pos,건강,0.76,28,긍정 문장
A213,기술 지원 프로그램이(가) 호평과 비판을 동시에 받고 있다.,amb,과학,0.05,33,모호 문장
A220,신형 장비이(가) 확장됐으나 비용 증가가 우려된다.,amb,과학,0.08,28,모호 문장
A030,보건소 서비스이(가) 호평과 비판을 동시에 받고 있다.,amb,건강,0.03,30,모호 문장
P061,전시 프로그램이(가) 활성화되며 참여율이 높아졌다.,pos,여가,0.85,28,긍정 문장
A054,야외 영화제이(가) 개선됐지만 일부 불편이 남아 있다.,amb,여가,-0.13,30,모호 문장
P067,장학 제도이(가) 새롭게 개편되어 이용이 편리해졌다.,pos,교육,0.91,29,긍정 문장
P111,고용 지표이(가) 안정세를 보이고 있다.,pos,경제,0.85,22,긍정 문장
A046,장학 제도이(가) 개편됐지만 사용자 평가는 나뉘고 있다.,amb,교육,0.14,31,모호 문장
A025,온라인 수업이(가) 일부 개선됐으나 문제 해결은 미비하다.,amb,교육,0.01,32,모호 문장
A067,교육 커리큘럼이(가) 순조롭게 진행되다가 예기치 못한 변수가 생겼다.,amb,교육,-0.03,38,모호 문장
P066,기술 지원 프로그램이(가) 개선되어 주민들의 만족도가 높아졌다.,pos,과학,0.93,35,긍정 문장
A033,전시 프로그램이(가) 활성화됐지만 운영 방식에는 의문이 남는다.,amb,여가,-0.07,35,모호 문장
A174,소비 지원 정책이(가) 개편됐지만 사용자 평가는 나뉘고 있다.,amb,경제,-0.15,34,모호 문장
N064,주차장이(가) 감소세를 보이고 있다.,neg,생활,-0.96,20,부정 문장
A254,식단 관리 정책이(가) 개선됐지만 일부 불편이 남아 있다.,amb,건강,0.05,32,모호 문장
A079,건강검진 제도이(가) 확장됐으나 비용 증가가 우려된다.,amb,건강,-0.02,30,모호 문장
A102,장학 제도이(가) 도입됐지만 효과는 아직 불분명하다.,amb,교육,-0.04,29,모호 문장
N087,기술 지원 프로그램이(가) 악화되며 우려의 목소리가 커지고 있다.,neg,과학,-0.93,36,부정 문장
N114,병원 예약 시스템이(가) 논란에 휩싸였다.,neg,건강,-0.71,23,부정 문장
A044,보건소 서비스이(가) 순조롭게 진행되다가 예기치 못한 변수가 생겼다.,amb,건강,-0.03,38,모호 문장
A221,교수 평가 제도이(가) 관심을 끌었지만 논란도 함께 제기됐다.,amb,교육,0.12,34,모호 문장
A177,보건소 서비스이(가) 관심을 끌었지만 논란도 함께 제기됐다.,amb,건강,0.06,33,모호 문장
A031,기술 지원 프로그램이(가) 호평과 비판을 동시에 받고 있다.,amb,과학,0.13,33,모호 문장
A074,장학 제도이(가) 관심을 끌었지만 논란도 함께 제기됐다.,amb,교육,0.0,31,모호 문장
N101,연구 프로젝트이(가) 감소세를 보이고 있다.,neg,과학,-0.72,24,부정 문장
A117,야외 영화제이(가) 확장됐으나 비용 증가가 우려된다.,amb,여가,0.04,29,모호 문장
P059,기술 지원 프로그램이(가) 큰 성과를 거두었다.,pos,과학,0.84,26,긍정 문장
A295,지역 축제이(가) 개편됐지만 사용자 평가는 나뉘고 있다.,amb,생활,0.04,31,모호 문장
N084,신형 스마트폰이(가) 취소되어 아쉬움을 남겼다.,neg,기술,-0.94,26,부정 문장
A023,운동 프로그램이(가) 활성화됐지만 운영 방식에는 의문이 남는다.,amb,건강,-0.09,35,모호 문장
A291,교양 강좌이(가) 개편됐지만 사용자 평가는 나뉘고 있다.,amb,교육,-0.06,31,모호 문장
N102,교육 커리큘럼이(가) 중단되어 일정에 차질이 생겼다.,neg,교육,-0.71,29,부정 문장
A080,연구 프로젝트이(가) 관심을 끌었지만 논란도 함께 제기됐다.,amb,과학,0.0,33,모호 문장
P086,보건소 서비스이(가) 확대되면서 시민들의 호응이 이어지고 있다.,pos,건강,0.75,35,긍정 문장
N022,지역 축제에서 오류가 발생해 서비스가 중단됐다.,neg,생활,-0.8,26,부정 문장
N002,병원 예약 시스템이(가) 중단되어 일정에 차질이 생겼다.,neg,건강,-0.84,31,부정 문장
P139,소비 지원 정책이(가) 새롭게 개편되어 이용이 편리해졌다.,pos,경제,0.78,32,긍정 문장
P014,신형 스마트폰이(가) 큰 성과를 거두었다.,pos,기술,0.73,23,긍정 문장
A292,문화 공연이(가) 개선됐지만 일부 불편이 남아 있다.,amb,여가,-0.09,29,모호 문장
A144,교양 강좌이(가) 순조롭게 진행되다가 예기치 못한 변수가 생겼다.,amb,교육,-0.07,36,모호 문장
N061,전시 프로그램이(가) 논란에 휩싸였다.,neg,여가,-0.78,21,부정 문장
N065,건강검진 제도이(가) 지연되면서 시민 불편이 커지고 있다.,neg,건강,-0.73,32,부정 문장
P137,장학 제도이(가) 개선되어 주민들의 만족도가 높아졌다.,pos,교육,0.89,30,긍정 문장
A107,운동 프로그램이(가) 도입됐지만 효과는 아직 불분명하다.,amb,건강,0.04,31,모호 문장
N075,전시 프로그램이(가) 부진을 면치 못하고 있다.,neg,여가,-0.84,26,부정 문장
A163,운동 프로그램이(가) 관심을 끌었지만 논란도 함께 제기됐다.,amb,건강,-0.12,33,모호 문장
N138,문화 공연이(가) 논란에 휩싸였다.,neg,여가,-0.98,19,부정 문장
A068,문화 공연이(가) 순조롭게 진행되다가 예기치 못한 변수가 생겼다.,amb,여가,-0.08,36,모호 문장
A154,보안 시스템이(가) 기대를 모았으나 반응은 엇갈리고 있다.,amb,기술,0.04,32,모호 문장
A038,신형 장비이(가) 개선됐지만 일부 불편이 남아 있다.,amb,과학,0.1,29,모호 문장
A238,신형 스마트폰이(가) 기대를 모았으나 반응은 엇갈리고 있다.,amb,기술,0.09,33,모호 문장
A018,온라인 수업이(가) 일부 개선됐으나 문제 해결은 미비하다.,amb,교육,0.1,32,모호 문장
N038,데이터 분석 시스템이(가) 악화되며 우려의 목소리가 커지고 있다.,neg,과학,-0.78,36,부정 문장
P060,교양 강좌이(가) 활성화되며 참여율이 높아졌다.,pos,교육,1.0,26,긍정 문장
A126,보안 시스템이(가) 개선됐지만 일부 불편이 남아 있다.,amb,기술,-0.13,30,모호 문장
A049,클라우드 서비스이(가) 호평과 비판을 동시에 받고 있다.,amb,기술,-0.03,31,모호 문장
A014,클라우드 서비스이(가) 활성화됐지만 운영 방식에는 의문이 남는다.,amb,기술,-0.12,36,모호 문장
A283,데이터 분석 시스템이(가) 도입됐지만 효과는 아직 불분명하다.,amb,과학,-0.04,34,모호 문장
A202,지역 상권이(가) 호평과 비판을 동시에 받고 있다.,amb,경제,-0.03,28,모호 문장
P039,교수 평가 제도을(를) 통해 지역 경제가 활기를 되찾고 있다.,pos,교육,0.78,34,긍정 문장
A245,클라우드 서비스이(가) 개편됐지만 사용자 평가는 나뉘고 있다.,amb,기술,0.05,34,모호 문장
A143,신형 장비이(가) 기대를 모았으나 반응은 엇갈리고 있다.,amb,과학,0.11,31,모호 문장
A234,데이터 분석 시스템이(가) 활성화됐지만 운영 방식에는 의문이 남는다.,amb,과학,-0.07,38,모호 문장
A076,창업 지원 제도이(가) 관심을 끌었지만 논란도 함께 제기됐다.,amb,경제,-0.08,34,모호 문장
P072,건강검진 제도이(가) 정상화되어 서비스가 안정됐다.,pos,건강,0.95,28,긍정 문장
A207,교수 평가 제도이(가) 개편됐지만 사용자 평가는 나뉘고 있다.,amb,교육,0.06,34,모호 문장
P040,야외 영화제이(가) 꾸준히 증가하고 있다.,pos,여가,0.96,23,긍정 문장
P113,쓰레기 처리 시스템을(를) 통해 지역 경제가 활기를 되찾고 있다.,pos,생활,0.98,36,긍정 문장
A194,체험 행사이(가) 활성화됐지만 운영 방식에는 의문이 남는다.,amb,여가,-0.08,33,모호 문장
A260,대중교통이(가) 활성화됐지만 운영 방식에는 의문이 남는다.,amb,생활,0.12,32,모호 문장
P100,식단 관리 정책이(가) 확대되면서 시민들의 호응이 이어지고 있다.,pos,건강,0.86,36,긍정 문장
N090,고용 지표이(가) 악화되며 우려의 목소리가 커지고 있다.,neg,경제,-0.73,31,부정 문장
P007,네트워크 환경이(가) 새롭게 개편되어 이용이 편리해졌다.,pos,기술,0.98,31,긍정 문장
P074,장학 제도이(가) 개선되어 주민들의 만족도가 높아졌다.,pos,교육,1.0,30,긍정 문장
P123,교수 평가 제도을(를) 통해 지역 경제가 활기를 되찾고 있다.,pos,교육,0.82,34,긍정 문장
A214,교양 강좌이(가) 관심을 끌었지만 논란도 함께 제기됐다.,amb,교육,-0.02,31,모호 문장
A252,네트워크 환경이(가) 확장됐으나 비용 증가가 우려된다.,amb,기술,0.09,30,모호 문장
N045,데이터 분석 시스템이(가) 불안정해 사용자들이 혼란을 겪고 있다.,neg,과학,-0.83,36,부정 문장
N097,소비 지원 정책이(가) 감소세를 보이고 있다.,neg,경제,-0.88,25,부정 문장
A103,체험 행사이(가) 활성화됐지만 운영 방식에는 의문이 남는다.,amb,여가,-0.11,33,모호 문장
P064,대중교통을(를) 통해 지역 경제가 활기를 되찾고 있다.,pos,생활,0.71,30,긍정 문장
N050,공공시설이(가) 부진을 면치 못하고 있다.,neg,생활,-0.94,23,부정 문장
A035,네트워크 환경이(가) 확장됐으나 비용 증가가 우려된다.,amb,기술,-0.08,30,모호 문장
A188,고용 지표이(가) 순조롭게 진행되다가 예기치 못한 변수가 생겼다.,amb,경제,-0.04,36,모호 문장
N016,병원 예약 시스템이(가) 논란에 휩싸였다.,neg,건강,-0.85,23,부정 문장
N092,지역 축제이(가) 악화되며 우려의 목소리가 커지고 있다.,neg,생활,-0.89,31,부정 문장
A247,운동 프로그램이(가) 확장됐으나 비용 증가가 우려된다.,amb,건강,-0.08,30,모호 문장
N076,지역 상권이(가) 지연되면서 시민 불편이 커지고 있다.,neg,경제,-0.72,30,부정 문장
A003,신형 장비이(가) 기대를 모았으나 반응은 엇갈리고 있다.,amb,과학,-0.01,31,모호 문장
A124,관광 패스이(가) 관심을 끌었지만 논란도 함께 제기됐다.,amb,여가,0.03,31,모호 문장
N003,실험 계획이(가) 부진을 면치 못하고 있다.,neg,과학,-0.91,24,부정 문장
P102,교수 평가 제도이(가) 확대되면서 시민들의 호응이 이어지고 있다.,pos,교육,0.88,36,긍정 문장
P003,연구 프로젝트이(가) 큰 성과를 거두었다.,pos,과학,0.87,23,긍정 문장
N013,고용 지표이(가) 파손돼 이용이 제한됐다.,neg,경제,-0.93,23,부정 문장
P075,체험 행사이(가) 활성화되며 참여율이 높아졌다.,pos,여가,0.78,26,긍정 문장
A255,신형 장비이(가) 기대를 모았으나 반응은 엇갈리고 있다.,amb,과학,0.05,31,모호 문장
P029,주차장이(가) 활성화되며 참여율이 높아졌다.,pos,생활,0.91,24,긍정 문장
N098,업데이트 정책이(가) 감소세를 보이고 있다.,neg,기술,-0.71,24,부정 문장
N113,공공시설이(가) 지연되면서 시민 불편이 커지고 있다.,neg,생활,-0.84,29,부정 문장
A130,온라인 수업이(가) 순조롭게 진행되다가 예기치 못한 변수가 생겼다.,amb,교육,-0.03,37,모호 문장
P025,교양 강좌을(를) 통해 지역 경제가 활기를 되찾고 있다.,pos,교육,0.87,31,긍정 문장
A065,건강검진 제도이(가) 관심을 끌었지만 논란도 함께 제기됐다.,amb,건강,-0.1,33,모호 문장
A165,장학 제도이(가) 개편됐지만 사용자 평가는 나뉘고 있다.,amb,교육,-0.07,31,모호 문장
P031,데이터 분석 시스템이(가) 안정세를 보이고 있다.,pos,과학,1.0,27,긍정 문장
N031,신형 장비이(가) 파손돼 이용이 제한됐다.,neg,과학,-0.71,23,부정 문장
A052,연구 프로젝트이(가) 개편됐지만 사용자 평가는 나뉘고 있다.,amb,과학,0.02,33,모호 문장
A071,지역 축제이(가) 관심을 끌었지만 논란도 함께 제기됐다.,amb,생활,0.02,31,모호 문장
P089,관광 패스이(가) 활성화되며 참여율이 높아졌다.,pos,여가,0.9,26,긍정 문장
P114,식단 관리 정책이(가) 도입되어 업무 효율이 높아졌다.,pos,건강,0.98,30,긍정 문장
P121,보건소 서비스이(가) 꾸준히 증가하고 있다.,pos,건강,0.97,24,긍정 문장
A061,문화 공연이(가) 관심을 끌었지만 논란도 함께 제기됐다.,amb,여가,-0.06,31,모호 문장
A242,교육 커리큘럼이(가) 순조롭게 진행되다가 예기치 못한 변수가 생겼다.,amb,교육,0.08,38,모호 문장
N080,실험 계획이(가) 파손돼 이용이 제한됐다.,neg,과학,-0.92,23,부정 문장
P094,신형 장비이(가) 정상화되어 서비스가 안정됐다.,pos,과학,0.71,26,긍정 문장
N052,실험 계획이(가) 취소되어 아쉬움을 남겼다.,neg,과학,-0.75,24,부정 문장
A125,고용 지표이(가) 관심을 끌었지만 논란도 함께 제기됐다.,amb,경제,-0.08,31,모호 문장
A043,지역 축제이(가) 순조롭게 진행되다가 예기치 못한 변수가 생겼다.,amb,생활,0.04,36,모호 문장
P046,교양 강좌이(가) 확대되면서 시민들의 호응이 이어지고 있다.,pos,교육,0.83,33,긍정 문장
A029,공공시설이(가) 도입됐지만 효과는 아직 불분명하다.,amb,생활,-0.08,28,모호 문장
A134,공공시설이(가) 관심을 끌었지만 논란도 함께 제기됐다.,amb,생활,0.06,30,모호 문장
A146,가격 안정 대책이(가) 호평과 비판을 동시에 받고 있다.,amb,경제,0.11,31,모호 문장
N014,클라우드 서비스이(가) 악화되며 우려의 목소리가 커지고 있다.,neg,기술,-0.89,34,부정 문장
P132,소비 지원 정책이(가) 도입되어 업무 효율이 높아졌다.,pos,경제,0.93,30,긍정 문장
P047,체험 행사이(가) 안정세를 보이고 있다.,pos,여가,0.87,22,긍정 문장
A236,관광 패스이(가) 호평과 비판을 동시에 받고 있다.,amb,여가,0.15,28,모호 문장
A133,클라우드 서비스이(가) 기대를 모았으나 반응은 엇갈리고 있다.,amb,기술,-0.06,34,모호 문장
A028,신형 스마트폰이(가) 관심을 끌었지만 논란도 함께 제기됐다.,amb,기술,0.12,33,모호 문장
A007,클라우드 서비스이(가) 순조롭게 진행되다가 예기치 못한 변수가 생겼다.,amb,기술,0.03,39,모호 문장
A135,보건소 서비스이(가) 개편됐지만 사용자 평가는 나뉘고 있다.,amb,건강,0.1,33,모호 문장
N100,병원 예약 시스템이(가) 불안정해 사용자들이 혼란을 겪고 있다.,neg,건강,-0.85,35,부정 문장
N085,쓰레기 처리 시스템이(가) 부진을 면치 못하고 있다.,neg,생활,-0.93,29,부정 문장
A298,온라인 수업이(가) 개선됐지만 일부 불편이 남아 있다.,amb,교육,-0.02,30,모호 문장
N136,실험 계획이(가) 파손돼 이용이 제한됐다.,neg,과학,-0.7,23,부정 문장
A087,실험 계획이(가) 도입됐지만 효과는 아직 불분명하다.,amb,과학,0.14,29,모호 문장
P027,고용 지표이(가) 활성화되며 참여율이 높아졌다.,pos,경제,0.87,26,긍정 문장
A281,대중교통이(가) 도입됐지만 효과는 아직 불분명하다.,amb,생활,-0.02,28,모호 문장
P043,대중교통이(가) 확대되면서 시민들의 호응이 이어지고 있다.,pos,생활,0.77,32,긍정 문장
N044,운동 프로그램이(가) 논란에 휩싸였다.,neg,건강,-0.8,21,부정 문장
A191,운동 프로그램이(가) 활성화됐지만 운영 방식에는 의문이 남는다.,amb,건강,-0.05,35,모호 문장
A161,신형 스마트폰이(가) 호평과 비판을 동시에 받고 있다.,amb,기술,-0.12,30,모호 문장
N024,실험 계획에서 오류가 발생해 서비스가 중단됐다.,neg,과학,-0.91,26,부정 문장
P020,가격 안정 대책을(를) 통해 지역 경제가 활기를 되찾고 있다.,pos,경제,0.85,34,긍정 문장
A148,지역 축제이(가) 관심을 끌었지만 논란도 함께 제기됐다.,amb,생활,-0.01,31,모호 문장
P068,체험 행사을(를) 통해 지역 경제가 활기를 되찾고 있다.,pos,여가,0.81,31,긍정 문장
A012,관광 패스이(가) 확장됐으나 비용 증가가 우려된다.,amb,여가,-0.1,28,모호 문장
A004,교수 평가 제도이(가) 개편됐지만 사용자 평가는 나뉘고 있다.,amb,교육,0.09,34,모호 문장
N079,식단 관리 정책에서 오류가 발생해 서비스가 중단됐다.,neg,건강,-0.95,29,부정 문장
P050,지역 축제이(가) 꾸준히 증가하고 있다.,pos,생활,0.82,22,긍정 문장
N069,창업 지원 제도이(가) 논란에 휩싸였다.,neg,경제,-0.74,22,부정 문장
A092,지역 축제이(가) 관심을 끌었지만 논란도 함께 제기됐다.,amb,생활,-0.09,31,모호 문장
P134,지역 축제을(를) 통해 지역 경제가 활기를 되찾고 있다.,pos,생활,0.87,31,긍정 문장
P110,문화 공연이(가) 활성화되며 참여율이 높아졌다.,pos,여가,0.8,26,긍정 문장
N141,주차장이(가) 감소세를 보이고 있다.,neg,생활,-0.97,20,부정 문장
A147,클라우드 서비스이(가) 활성화됐지만 운영 방식에는 의문이 남는다.,amb,기술,-0.08,36,모호 문장
A223,소비 지원 정책이(가) 순조롭게 진행되다가 예기치 못한 변수가 생겼다.,amb,경제,0.06,39,모호 문장
N140,신형 스마트폰이(가) 감소세를 보이고 있다.,neg,기술,-0.89,24,부정 문장
A275,보건소 서비스이(가) 확장됐으나 비용 증가가 우려된다.,amb,건강,0.09,30,모호 문장
P018,교수 평가 제도이(가) 큰 성과를 거두었다.,pos,교육,0.79,24,긍정 문장
P049,보안 시스템이(가) 활성화되며 참여율이 높아졌다.,pos,기술,0.97,27,긍정 문장
P011,장학 제도이(가) 꾸준히 증가하고 있다.,pos,교육,0.74,22,긍정 문장
A225,지역 축제이(가) 관심을 끌었지만 논란도 함께 제기됐다.,amb,생활,0.01,31,모호 문장
N116,교육 커리큘럼이(가) 악화되며 우려의 목소리가 커지고 있다.,neg,교육,-0.99,33,부정 문장
P144,온라인 수업이(가) 도입되어 업무 효율이 높아졌다.,pos,교육,0.72,28,긍정 문장
N027,고용 지표에서 오류가 발생해 서비스가 중단됐다.,neg,경제,-0.73,26,부정 문장
A216,소비 지원 정책이(가) 개편됐지만 사용자 평가는 나뉘고 있다.,amb,경제,0.06,34,모호 문장
A006,창업 지원 제도이(가) 순조롭게 진행되다가 예기치 못한 변수가 생겼다.,amb,경제,-0.15,39,모호 문장
N012,체험 행사이(가) 파손돼 이용이 제한됐다.,neg,여가,-0.71,23,부정 문장
P080,기술 지원 프로그램이(가) 개선되어 주민들의 만족도가 높아졌다.,pos,과학,0.84,35,긍정 문장
P042,업데이트 정책이(가) 정상화되어 서비스가 안정됐다.,pos,기술,0.75,28,긍정 문장
N088,온라인 수업이(가) 파손돼 이용이 제한됐다.,neg,교육,-0.83,24,부정 문장
A288,주차장이(가) 순조롭게 진행되다가 예기치 못한 변수가 생겼다.,amb,생활,0.03,34,모호 문장
N041,지역 상권이(가) 중단되어 일정에 차질이 생겼다.,neg,경제,-0.73,27,부정 문장
P055,지역 상권이(가) 안정세를 보이고 있다.,pos,경제,0.75,22,긍정 문장
A256,장학 제도이(가) 활성화됐지만 운영 방식에는 의문이 남는다.,amb,교육,-0.12,33,모호 문장
A212,병원 예약 시스템이(가) 호평과 비판을 동시에 받고 있다.,amb,건강,0.05,32,모호 문장
P023,건강검진 제도이(가) 큰 성과를 거두었다.,pos,건강,0.75,23,긍정 문장
P127,공공시설이(가) 꾸준히 증가하고 있다.,pos,생활,0.8,21,긍정 문장
P077,클라우드 서비스이(가) 큰 성과를 거두었다.,pos,기술,0.72,24,긍정 문장
A300,소비 지원 정책이(가) 도입됐지만 효과는 아직 불분명하다.,amb,경제,0.02,32,모호 문장
A100,식단 관리 정책이(가) 기대를 모았으나 반응은 엇갈리고 있다.,amb,건강,-0.07,34,모호 문장
N057,지역 축제이(가) 논란에 휩싸였다.,neg,생활,-0.73,19,부정 문장
N034,창업 지원 제도이(가) 논란에 휩싸였다.,neg,경제,-1.0,22,부정 문장
N139,창업 지원 제도이(가) 취소되어 아쉬움을 남겼다.,neg,경제,-0.83,27,부정 문장
N146,지역 상권이(가) 중단되어 일정에 차질이 생겼다.,neg,경제,-0.98,27,부정 문장
N036,공공시설이(가) 부진을 면치 못하고 있다.,neg,생활,-0.98,23,부정 문장
A230,지역 상권이(가) 활성화됐지만 운영 방식에는 의문이 남는다.,amb,경제,-0.04,33,모호 문장
A059,연구 프로젝트이(가) 기대를 모았으나 반응은 엇갈리고 있다.,amb,과학,-0.03,33,모호 문장
A269,신형 장비이(가) 일부 개선됐으나 문제 해결은 미비하다.,amb,과학,0.03,31,모호 문장
P093,건강검진 제도이(가) 꾸준히 증가하고 있다.,pos,건강,1.0,24,긍정 문장
P048,소비 지원 정책을(를) 통해 지역 경제가 활기를 되찾고 있다.,pos,경제,0.99,34,긍정 문장
P099,지역 축제이(가) 꾸준히 증가하고 있다.,pos,생활,0.95,22,긍정 문장
P109,교육 커리큘럼이(가) 개선되어 주민들의 만족도가 높아졌다.,pos,교육,0.93,32,긍정 문장
P097,창업 지원 제도이(가) 확대되면서 시민들의 호응이 이어지고 있다.,pos,경제,0.72,36,긍정 문장
P104,고용 지표이(가) 새롭게 개편되어 이용이 편리해졌다.,pos,경제,0.87,29,긍정 문장
A002,식단 관리 정책이(가) 기대를 모았으나 반응은 엇갈리고 있다.,amb,건강,-0.14,34,모호 문장
N110,문화 공연이(가) 취소되어 아쉬움을 남겼다.,neg,여가,-0.98,24,부정 문장
N095,교육 커리큘럼이(가) 부진을 면치 못하고 있다.,neg,교육,-0.81,26,부정 문장
A198,건강검진 제도이(가) 호평과 비판을 동시에 받고 있다.,amb,건강,0.07,30,모호 문장
N118,소비 지원 정책이(가) 중단되어 일정에 차질이 생겼다.,neg,경제,-0.73,30,부정 문장
A185,실험 계획이(가) 기대를 모았으나 반응은 엇갈리고 있다.,amb,과학,-0.02,31,모호 문장
A276,연구 프로젝트이(가) 일부 개선됐으나 문제 해결은 미비하다.,amb,과학,-0.0,33,모호 문장
N117,전시 프로그램이(가) 논란에 휩싸였다.,neg,여가,-0.98,21,부정 문장
N147,보안 시스템이(가) 논란에 휩싸였다.,neg,기술,-0.94,20,부정 문장
N054,야외 영화제이(가) 취소되어 아쉬움을 남겼다.,neg,여가,-0.83,25,부정 문장
A157,연구 프로젝트이(가) 기대를 모았으나 반응은 엇갈리고 있다.,amb,과학,0.07,33,모호 문장
A246,쓰레기 처리 시스템이(가) 개선됐지만 일부 불편이 남아 있다.,amb,생활,0.09,34,모호 문장
A096,체험 행사이(가) 확장됐으나 비용 증가가 우려된다.,amb,여가,0.12,28,모호 문장
N032,교수 평가 제도이(가) 중단되어 일정에 차질이 생겼다.,neg,교육,-0.83,30,부정 문장
A113,공공시설이(가) 개선됐지만 일부 불편이 남아 있다.,amb,생활,-0.15,28,모호 문장
N125,소비 지원 정책이(가) 악화되며 우려의 목소리가 커지고 있다.,neg,경제,-0.86,34,부정 문장
P045,기술 지원 프로그램이(가) 확대되면서 시민들의 호응이 이어지고 있다.,pos,과학,0.78,38,긍정 문장
A166,체험 행사이(가) 도입됐지만 효과는 아직 불분명하다.,amb,여가,0.13,29,모호 문장
N086,운동 프로그램이(가) 중단되어 일정에 차질이 생겼다.,neg,건강,-0.87,29,부정 문장
N048,창업 지원 제도이(가) 논란에 휩싸였다.,neg,경제,-0.79,22,부정 문장
A106,공공시설이(가) 도입됐지만 효과는 아직 불분명하다.,amb,생활,0.1,28,모호 문장
A268,건강검진 제도이(가) 관심을 끌었지만 논란도 함께 제기됐다.,amb,건강,-0.08,33,모호 문장
A205,보건소 서비스이(가) 도입됐지만 효과는 아직 불분명하다.,amb,건강,-0.09,31,모호 문장
A193,장학 제도이(가) 순조롭게 진행되다가 예기치 못한 변수가 생겼다.,amb,교육,-0.01,36,모호 문장
P131,체험 행사이(가) 개선되어 주민들의 만족도가 높아졌다.,pos,여가,0.97,30,긍정 문장
P106,쓰레기 처리 시스템이(가) 새롭게 개편되어 이용이 편리해졌다.,pos,생활,0.96,34,긍정 문장
A063,네트워크 환경이(가) 순조롭게 진행되다가 예기치 못한 변수가 생겼다.,amb,기술,0.04,38,모호 문장
N089,체험 행사이(가) 악화되며 우려의 목소리가 커지고 있다.,neg,여가,-0.89,31,부정 문장
N053,교수 평가 제도이(가) 논란에 휩싸였다.,neg,교육,-0.88,22,부정 문장
A047,체험 행사이(가) 활성화됐지만 운영 방식에는 의문이 남는다.,amb,여가,0.12,33,모호 문장
P030,보건소 서비스이(가) 개선되어 주민들의 만족도가 높아졌다.,pos,건강,0.92,32,긍정 문장
A011,교양 강좌이(가) 개선됐지만 일부 불편이 남아 있다.,amb,교육,-0.01,29,모호 문장
N009,운동 프로그램이(가) 불안정해 사용자들이 혼란을 겪고 있다.,neg,건강,-0.93,33,부정 문장
A204,쓰레기 처리 시스템이(가) 도입됐지만 효과는 아직 불분명하다.,amb,생활,-0.09,34,모호 문장
A070,보안 시스템이(가) 확장됐으나 비용 증가가 우려된다.,amb,기술,-0.11,29,모호 문장
A085,대중교통이(가) 개선됐지만 일부 불편이 남아 있다.,amb,생활,0.11,28,모호 문장
A104,가격 안정 대책이(가) 기대를 모았으나 반응은 엇갈리고 있다.,amb,경제,-0.02,34,모호 문장
P103,야외 영화제이(가) 확대되면서 시민들의 호응이 이어지고 있다.,pos,여가,0.74,34,긍정 문장
N046,교양 강좌이(가) 중단되어 일정에 차질이 생겼다.,neg,교육,-0.98,27,부정 문장
A176,공공시설이(가) 개선됐지만 일부 불편이 남아 있다.,amb,생활,-0.05,28,모호 문장
A258,창업 지원 제도이(가) 확장됐으나 비용 증가가 우려된다.,amb,경제,0.09,31,모호 문장
N134,대중교통이(가) 파손돼 이용이 제한됐다.,neg,생활,-0.94,22,부정 문장
N127,지역 축제이(가) 중단되어 일정에 차질이 생겼다.,neg,생활,-0.82,27,부정 문장
P044,건강검진 제도이(가) 개선되어 주민들의 만족도가 높아졌다.,pos,건강,0.85,32,긍정 문장
N124,전시 프로그램이(가) 악화되며 우려의 목소리가 커지고 있다.,neg,여가,-0.91,33,부정 문장
N028,네트워크 환경이(가) 불안정해 사용자들이 혼란을 겪고 있다.,neg,기술,-0.75,33,부정 문장
N106,공공시설이(가) 지연되면서 시민 불편이 커지고 있다.,neg,생활,-0.77,29,부정 문장
A168,네트워크 환경이(가) 일부 개선됐으나 문제 해결은 미비하다.,amb,기술,-0.01,33,모호 문장
A098,네트워크 환경이(가) 개선됐지만 일부 불편이 남아 있다.,amb,기술,0.04,31,모호 문장
A209,소비 지원 정책이(가) 도입됐지만 효과는 아직 불분명하다.,amb,경제,0.03,32,모호 문장
N131,관광 패스에서 오류가 발생해 서비스가 중단됐다.,neg,여가,-0.88,26,부정 문장
A203,신형 스마트폰이(가) 도입됐지만 효과는 아직 불분명하다.,amb,기술,0.07,31,모호 문장
A109,교양 강좌이(가) 호평과 비판을 동시에 받고 있다.,amb,교육,-0.11,28,모호 문장
A136,실험 계획이(가) 기대를 모았으나 반응은 엇갈리고 있다.,amb,과학,0.07,31,모호 문장
P141,지역 축제이(가) 꾸준히 증가하고 있다.,pos,생활,0.98,22,긍정 문장
P076,고용 지표이(가) 큰 성과를 거두었다.,pos,경제,0.83,21,긍정 문장
N143,실험 계획이(가) 악화되며 우려의 목소리가 커지고 있다.,neg,과학,-0.9,31,부정 문장
A145,야외 영화제이(가) 호평과 비판을 동시에 받고 있다.,amb,여가,0.13,29,모호 문장
A156,보건소 서비스이(가) 개선됐지만 일부 불편이 남아 있다.,amb,건강,-0.14,31,모호 문장
A116,교육 커리큘럼이(가) 도입됐지만 효과는 아직 불분명하다.,amb,교육,0.03,31,모호 문장
P073,신형 장비이(가) 정상화되어 서비스가 안정됐다.,pos,과학,0.86,26,긍정 문장
A127,공공시설이(가) 개편됐지만 사용자 평가는 나뉘고 있다.,amb,생활,-0.09,30,모호 문장
P148,공공시설이(가) 도입되어 업무 효율이 높아졌다.,pos,생활,0.71,26,긍정 문장
P022,공공시설이(가) 새롭게 개편되어 이용이 편리해졌다.,pos,생활,0.85,28,긍정 문장
A101,기술 지원 프로그램이(가) 개편됐지만 사용자 평가는 나뉘고 있다.,amb,과학,0.07,36,모호 문장
A155,대중교통이(가) 확장됐으나 비용 증가가 우려된다.,amb,생활,0.14,27,모호 문장
A091,클라우드 서비스이(가) 관심을 끌었지만 논란도 함께 제기됐다.,amb,기술,-0.11,34,모호 문장
A118,창업 지원 제도이(가) 순조롭게 진행되다가 예기치 못한 변수가 생겼다.,amb,경제,-0.11,39,모호 문장
A249,교수 평가 제도이(가) 활성화됐지만 운영 방식에는 의문이 남는다.,amb,교육,0.04,36,모호 문장
A251,창업 지원 제도이(가) 개선됐지만 일부 불편이 남아 있다.,amb,경제,-0.12,32,모호 문장
P081,장학 제도이(가) 새롭게 개편되어 이용이 편리해졌다.,pos,교육,0.95,29,긍정 문장
N067,교수 평가 제도이(가) 감소세를 보이고 있다.,neg,교육,-0.7,25,부정 문장
P138,체험 행사이(가) 새롭게 개편되어 이용이 편리해졌다.,pos,여가,0.88,29,긍정 문장
P135,운동 프로그램이(가) 새롭게 개편되어 이용이 편리해졌다.,pos,건강,0.78,31,긍정 문장
N015,공공시설이(가) 파손돼 이용이 제한됐다.,neg,생활,-0.89,22,부정 문장
P001,주차장이(가) 확대되면서 시민들의 호응이 이어지고 있다.,pos,생활,0.82,31,긍정 문장
A053,장학 제도이(가) 관심을 끌었지만 논란도 함께 제기됐다.,amb,교육,0.08,31,모호 문장
P146,고용 지표이(가) 정상화되어 서비스가 안정됐다.,pos,경제,0.79,26,긍정 문장
N082,야외 영화제이(가) 논란에 휩싸였다.,neg,여가,-0.86,20,부정 문장
A114,운동 프로그램이(가) 도입됐지만 효과는 아직 불분명하다.,amb,건강,-0.12,31,모호 문장
A229,야외 영화제이(가) 개편됐지만 사용자 평가는 나뉘고 있다.,amb,여가,0.0,32,모호 문장
A159,야외 영화제이(가) 일부 개선됐으나 문제 해결은 미비하다.,amb,여가,0.12,32,모호 문장
A224,신형 스마트폰이(가) 일부 개선됐으나 문제 해결은 미비하다.,amb,기술,-0.05,33,모호 문장
A009,식단 관리 정책이(가) 기대를 모았으나 반응은 엇갈리고 있다.,amb,건강,0.0,34,모호 문장
A250,체험 행사이(가) 순조롭게 진행되다가 예기치 못한 변수가 생겼다.,amb,여가,0.13,36,모호 문장
A051,병원 예약 시스템이(가) 순조롭게 진행되다가 예기치 못한 변수가 생겼다.,amb,건강,-0.02,40,모호 문장
N049,클라우드 서비스이(가) 중단되어 일정에 차질이 생겼다.,neg,기술,-0.86,30,부정 문장
N043,대중교통이(가) 취소되어 아쉬움을 남겼다.,neg,생활,-0.82,23,부정 문장
N103,야외 영화제이(가) 취소되어 아쉬움을 남겼다.,neg,여가,-0.93,25,부정 문장
A139,지역 상권이(가) 기대를 모았으나 반응은 엇갈리고 있다.,amb,경제,-0.05,31,모호 문장
A017,실험 계획이(가) 관심을 끌었지만 논란도 함께 제기됐다.,amb,과학,0.04,31,모호 문장
N005,야외 영화제이(가) 감소세를 보이고 있다.,neg,여가,-0.7,23,부정 문장
A243,전시 프로그램이(가) 확장됐으나 비용 증가가 우려된다.,amb,여가,0.09,30,모호 문장
A041,창업 지원 제도이(가) 일부 개선됐으나 문제 해결은 미비하다.,amb,경제,-0.0,34,모호 문장
A244,소비 지원 정책이(가) 도입됐지만 효과는 아직 불분명하다.,amb,경제,0.06,32,모호 문장
N137,교수 평가 제도에서 오류가 발생해 서비스가 중단됐다.,neg,교육,-0.97,29,부정 문장
N150,기술 지원 프로그램이(가) 지연되면서 시민 불편이 커지고 있다.,neg,과학,-0.92,35,부정 문장
A042,업데이트 정책이(가) 기대를 모았으나 반응은 엇갈리고 있다.,amb,기술,0.09,33,모호 문장
N129,연구 프로젝트이(가) 불안정해 사용자들이 혼란을 겪고 있다.,neg,과학,-0.96,33,부정 문장
A164,연구 프로젝트이(가) 호평과 비판을 동시에 받고 있다.,amb,과학,-0.06,30,모호 문장
A095,온라인 수업이(가) 개편됐지만 사용자 평가는 나뉘고 있다.,amb,교육,-0.1,32,모호 문장
A189,신형 스마트폰이(가) 관심을 끌었지만 논란도 함께 제기됐다.,amb,기술,-0.11,33,모호 문장
A128,건강검진 제도이(가) 개선됐지만 일부 불편이 남아 있다.,amb,건강,0.12,31,모호 문장
N018,교양 강좌이(가) 취소되어 아쉬움을 남겼다.,neg,교육,-0.92,24,부정 문장
A072,운동 프로그램이(가) 개편됐지만 사용자 평가는 나뉘고 있다.,amb,건강,-0.06,33,모호 문장
P120,대중교통이(가) 활성화되며 참여율이 높아졌다.,pos,생활,0.77,25,긍정 문장
A253,대중교통이(가) 일부 개선됐으나 문제 해결은 미비하다.,amb,생활,0.1,30,모호 문장
N021,클라우드 서비스이(가) 악화되며 우려의 목소리가 커지고 있다.,neg,기술,-0.97,34,부정 문장
A182,보안 시스템이(가) 관심을 끌었지만 논란도 함께 제기됐다.,amb,기술,0.09,32,모호 문장
A150,실험 계획이(가) 호평과 비판을 동시에 받고 있다.,amb,과학,0.02,28,모호 문장
A077,네트워크 환경이(가) 관심을 끌었지만 논란도 함께 제기됐다.,amb,기술,0.1,33,모호 문장
A024,연구 프로젝트이(가) 개편됐지만 사용자 평가는 나뉘고 있다.,amb,과학,-0.07,33,모호 문장
P062,지역 상권이(가) 확대되면서 시민들의 호응이 이어지고 있다.,pos,경제,0.73,33,긍정 문장
A199,기술 지원 프로그램이(가) 일부 개선됐으나 문제 해결은 미비하다.,amb,과학,-0.05,36,모호 문장
N020,지역 상권이(가) 감소세를 보이고 있다.,neg,경제,-0.99,22,부정 문장
A020,고용 지표이(가) 도입됐지만 효과는 아직 불분명하다.,amb,경제,-0.04,29,모호 문장
A019,문화 공연이(가) 도입됐지만 효과는 아직 불분명하다.,amb,여가,-0.06,29,모호 문장
A099,주차장이(가) 관심을 끌었지만 논란도 함께 제기됐다.,amb,생활,0.02,29,모호 문장
P082,문화 공연이(가) 꾸준히 증가하고 있다.,pos,여가,0.93,22,긍정 문장
A270,교양 강좌이(가) 순조롭게 진행되다가 예기치 못한 변수가 생겼다.,amb,교육,0.1,36,모호 문장
P063,클라우드 서비스이(가) 도입되어 업무 효율이 높아졌다.,pos,기술,0.84,30,긍정 문장
P012,문화 공연이(가) 안정세를 보이고 있다.,pos,여가,0.79,22,긍정 문장
P033,체험 행사이(가) 개선되어 주민들의 만족도가 높아졌다.,pos,여가,0.98,30,긍정 문장
P054,체험 행사이(가) 안정세를 보이고 있다.,pos,여가,0.72,22,긍정 문장
N111,고용 지표이(가) 불안정해 사용자들이 혼란을 겪고 있다.,neg,경제,-0.94,31,부정 문장
A172,교양 강좌이(가) 일부 개선됐으나 문제 해결은 미비하다.,amb,교육,0.02,31,모호 문장
A211,쓰레기 처리 시스템이(가) 활성화됐지만 운영 방식에는 의문이 남는다.,amb,생활,0.03,38,모호 문장
A001,주차장이(가) 도입됐지만 효과는 아직 불분명하다.,amb,생활,-0.06,27,모호 문장
P087,신형 장비이(가) 개선되어 주민들의 만족도가 높아졌다.,pos,과학,0.75,30,긍정 문장
P149,보건소 서비스을(를) 통해 지역 경제가 활기를 되찾고 있다.,pos,건강,0.87,33,긍정 문장
A075,야외 영화제이(가) 개선됐지만 일부 불편이 남아 있다.,amb,여가,-0.15,30,모호 문장
P052,실험 계획이(가) 개선되어 주민들의 만족도가 높아졌다.,pos,과학,0.76,30,긍정 문장
N042,클라우드 서비스이(가) 지연되면서 시민 불편이 커지고 있다.,neg,기술,-0.81,33,부정 문장
A162,공공시설이(가) 기대를 모았으나 반응은 엇갈리고 있다.,amb,생활,0.1,30,모호 문장
N099,공공시설에서 오류가 발생해 서비스가 중단됐다.,neg,생활,-0.99,25,부정 문장
N133,클라우드 서비스이(가) 취소되어 아쉬움을 남겼다.,neg,기술,-0.7,27,부정 문장
P019,야외 영화제이(가) 정상화되어 서비스가 안정됐다.,pos,여가,0.72,27,긍정 문장
A273,업데이트 정책이(가) 기대를 모았으나 반응은 엇갈리고 있다.,amb,기술,-0.1,33,모호 문장
P133,업데이트 정책이(가) 도입되어 업무 효율이 높아졌다.,pos,기술,0.82,29,긍정 문장
A266,신형 스마트폰이(가) 관심을 끌었지만 논란도 함께 제기됐다.,amb,기술,-0.0,33,모호 문장
N074,교수 평가 제도이(가) 지연되면서 시민 불편이 커지고 있다.,neg,교육,-0.76,33,부정 문장
P091,신형 스마트폰이(가) 개선되어 주민들의 만족도가 높아졌다.,pos,기술,0.7,32,긍정 문장
P125,지역 상권이(가) 큰 성과를 거두었다.,pos,경제,0.71,21,긍정 문장
P010,연구 프로젝트을(를) 통해 지역 경제가 활기를 되찾고 있다.,pos,과학,0.96,33,긍정 문장
P005,전시 프로그램이(가) 꾸준히 증가하고 있다.,pos,여가,0.72,24,긍정 문장
A138,문화 공연이(가) 도입됐지만 효과는 아직 불분명하다.,amb,여가,-0.08,29,모호 문장
P016,건강검진 제도이(가) 활성화되며 참여율이 높아졌다.,pos,건강,0.9,28,긍정 문장
N006,지역 상권에서 오류가 발생해 서비스가 중단됐다.,neg,경제,-1.0,26,부정 문장
N068,관광 패스이(가) 취소되어 아쉬움을 남겼다.,neg,여가,-0.89,24,부정 문장
A184,운동 프로그램이(가) 기대를 모았으나 반응은 엇갈리고 있다.,amb,건강,-0.03,33,모호 문장
P085,쓰레기 처리 시스템이(가) 활성화되며 참여율이 높아졌다.,pos,생활,0.82,31,긍정 문장
P105,클라우드 서비스을(를) 통해 지역 경제가 활기를 되찾고 있다.,pos,기술,0.86,34,긍정 문장
A262,기술 지원 프로그램이(가) 도입됐지만 효과는 아직 불분명하다.,amb,과학,-0.09,34,모호 문장
A123,교육 커리큘럼이(가) 확장됐으나 비용 증가가 우려된다.,amb,교육,0.03,30,모호 문장
A187,체험 행사이(가) 개편됐지만 사용자 평가는 나뉘고 있다.,amb,여가,0.12,31,모호 문장
N010,데이터 분석 시스템이(가) 지연되면서 시민 불편이 커지고 있다.,neg,과학,-0.86,35,부정 문장
A097,소비 지원 정책이(가) 도입됐지만 효과는 아직 불분명하다.,amb,경제,-0.12,32,모호 문장
P015,공공시설이(가) 안정세를 보이고 있다.,pos,생활,0.72,21,긍정 문장
P069,소비 지원 정책이(가) 큰 성과를 거두었다.,pos,경제,0.93,24,긍정 문장
A158,교양 강좌이(가) 활성화됐지만 운영 방식에는 의문이 남는다.,amb,교육,0.08,33,모호 문장
A115,데이터 분석 시스템이(가) 일부 개선됐으나 문제 해결은 미비하다.,amb,과학,-0.08,36,모호 문장
A297,실험 계획이(가) 순조롭게 진행되다가 예기치 못한 변수가 생겼다.,amb,과학,-0.12,36,모호 문장
P122,신형 장비이(가) 정상화되어 서비스가 안정됐다.,pos,과학,0.75,26,긍정 문장
P041,가격 안정 대책이(가) 꾸준히 증가하고 있다.,pos,경제,1.0,25,긍정 문장
A235,온라인 수업이(가) 도입됐지만 효과는 아직 불분명하다.,amb,교육,0.07,30,모호 문장
A282,병원 예약 시스템이(가) 도입됐지만 효과는 아직 불분명하다.,amb,건강,0.02,33,모호 문장
A210,업데이트 정책이(가) 개선됐지만 일부 불편이 남아 있다.,amb,기술,0.07,31,모호 문장
P056,보안 시스템이(가) 큰 성과를 거두었다.,pos,기술,0.88,22,긍정 문장
A280,네트워크 환경이(가) 일부 개선됐으나 문제 해결은 미비하다.,amb,기술,0.08,33,모호 문장
A142,식단 관리 정책이(가) 도입됐지만 효과는 아직 불분명하다.,amb,건강,-0.06,32,모호 문장
P021,클라우드 서비스이(가) 활성화되며 참여율이 높아졌다.,pos,기술,0.79,29,긍정 문장
A027,지역 상권이(가) 개선됐지만 일부 불편이 남아 있다.,amb,경제,-0.01,29,모호 문장
P036,주차장이(가) 확대되면서 시민들의 호응이 이어지고 있다.,pos,생활,0.92,31,긍정 문장
A132,창업 지원 제도이(가) 활성화됐지만 운영 방식에는 의문이 남는다.,amb,경제,-0.1,36,모호 문장
N040,전시 프로그램이(가) 중단되어 일정에 차질이 생겼다.,neg,여가,-0.75,29,부정 문장
A010,실험 계획이(가) 순조롭게 진행되다가 예기치 못한 변수가 생겼다.,amb,과학,-0.08,36,모호 문장
N115,신형 장비이(가) 중단되어 일정에 차질이 생겼다.,neg,과학,-0.84,27,부정 문장
